{"document":[{"parameter":[{"name":"P_AS_OF_DATE","dataType":"xsd:date","type":"mandatory","optionalparamtype":"","rowPlacement":"2","selected":false,"select":[{"label":"As of Date"}]},{"name":"P_REPORTING_CONTEXT","dataType":"xsd:string","type":"mandatory","optionalparamtype":"","selected":false,"rowPlacement":"2","select":[{"label":"Reporting Context"}]},{"name":"P_LEDGER_CURRENCY","dataType":"xsd:string","type":"mandatory","optionalparamtype":"","selected":false,"rowPlacement":"2","select":[{"label":"Ledger Currency"}]},{"name":"P_TRX_CURRENCY","dataType":"xsd:string","type":"recommended","optionalparamtype":"","rowPlacement":"3","selected":true,"select":[{"label":"Invoice Currency"}]},{"name":"P_PAYMENT_SCHEDULE_CLASS","dataType":"xsd:string","type":"recommended","optionalparamtype":"","rowPlacement":"3","selected":false,"select":[{"label":"Payment Schedule Class"}]},{"name":"P_TRX_TYPE","dataType":"xsd:string","type":"recommended","optionalparamtype":"","rowPlacement":"3","selected":true,"select":[{"label":"Transaction Type"}]},{"name":"P_FROM_TRX_NUMBER","dataType":"xsd:string","type":"optional","optionalparamtype":"Range","rowPlacement":"4","selected":false,"select":[{"label":"From Invoice Number"}]},{"name":"P_TO_TRX_NUMBER","dataType":"xsd:string","type":"optional","selected":false,"optionalparamtype":"Range","rowPlacement":"4","select":[{"label":"To Invoice Number"}]},{"name":"P_FROM_GL_DATE","dataType":"xsd:date","type":"optional","selected":false,"optionalparamtype":"Date Range","rowPlacement":"4","select":[{"label":"From GL Date"}]},{"name":"P_TO_GL_DATE","dataType":"xsd:date","type":"optional","selected":true,"optionalparamtype":"Date Range","rowPlacement":"4","select":[{"label":"To GL Date"}]},{"name":"P_FROM_TRX_DATE","dataType":"xsd:date","selected":true,"type":"optional","optionalparamtype":"Date Range","rowPlacement":"5","select":[{"label":"From Invoice Date"}]},{"name":"P_TO_TRX_DATE","dataType":"xsd:date","type":"optional","selected":false,"optionalparamtype":"Date Range","rowPlacement":"5","select":[{"label":"To Invoice Date"}]},{"name":"P_FROM_DUE_DATE","dataType":"xsd:date","type":"optional","selected":false,"optionalparamtype":"Date Range","rowPlacement":"5","select":[{"label":"From Due Date"}]},{"name":"P_TO_DUE_DATE","dataType":"xsd:date","type":"optional","optionalparamtype":"Date Range","selected":false,"rowPlacement":"5","select":[{"label":"To Due Date"}]},{"name":"P_CUSTOMER_NAME","dataType":"xsd:string","type":"optional","selected":true,"optionalparamtype":"Direct Match","rowPlacement":"6","select":[{"label":"Customer Name"}]},{"name":"P_FROM_CUST_ACCOUNT_NUMBER","dataType":"xsd:string","type":"optional","optionalparamtype":"Range","selected":true,"rowPlacement":"6","select":[{"label":"From Account Number"}]},{"name":"P_TO_CUST_ACCOUNT_NUMBER","dataType":"xsd:string","type":"optional","optionalparamtype":"Range","selected":false,"rowPlacement":"6","select":[{"label":"To Account Number"}]}],"optionalparam":[{"parameter":"Customer Name","operator":"Range","hint":""}]}]}