{"document":[{"columnCount":1,"type":"prompt","columns":[{"inDropZone":false,"field":{"id":1,"name":"","value":"","label":"","dataType":"","breakOrder":"","fieldOrder":"","tag":""},"alignment":"C"}]},{"columnCount":1,"type":"prompt","columns":[{"inDropZone":false,"field":{"id":1,"name":"CUSTOMER_NAME","value":"CUSTOMER_NAME","label":"Customer Account Name","dataType":"xsd:string","breakOrder":"","fieldOrder":"1","tag":"<?CUSTOMER_NAME?>"},"alignment":"L"},{"inDropZone":false,"field":{"id":2,"name":"CUSTOMER_ACCOUNT_NUMBER","value":"CUSTOMER_ACCOUNT_NUMBER","label":"Customer Account Number","dataType":"xsd:string","breakOrder":"","fieldOrder":"2","tag":"<?CUSTOMER_ACCOUNT_NUMBER?>"},"alignment":"L"},{"inDropZone":false,"field":{"id":3,"name":"CUSTOMER_COUNTRY","value":"CUSTOMER_COUNTRY","label":"Ship To Country","dataType":"xsd:string","breakOrder":"","fieldOrder":"10","tag":"<?CUSTOMER_COUNTRY?>"},"alignment":"L"},{"inDropZone":false,"field":{"id":4,"name":"TRX_NUMBER","value":"TRX_NUMBER","label":"Inv Number","dataType":"xsd:string","breakOrder":"","fieldOrder":"15","tag":"<?TRX_NUMBER?>"},"alignment":"L"},{"inDropZone":false,"field":{"id":5,"name":"TRX_TYPE","value":"TRX_TYPE","label":"Inv Type","dataType":"xsd:string","breakOrder":"","fieldOrder":"16","tag":"<?TRX_TYPE?>"},"alignment":"L"},{"inDropZone":false,"field":{"id":6,"name":"TRX_CURRENCY","value":"TRX_CURRENCY","label":"Inv Currency Code","dataType":"xsd:string","breakOrder":"","fieldOrder":"20","tag":"<?TRX_CURRENCY?>"},"alignment":"L"},{"inDropZone":false,"field":{"id":7,"name":"TRX_DATE","value":"TRX_DATE","label":"Transaction Date","dataType":"xsd:string","breakOrder":"","fieldOrder":"17","tag":"<?TRX_DATE?>"},"alignment":"L"},{"inDropZone":false,"field":{"id":8,"name":"DUE_DATE","value":"DUE_DATE","label":"Due Date","dataType":"xsd:string","breakOrder":"","fieldOrder":"12","tag":"<?DUE_DATE?>"},"alignment":"L"},{"inDropZone":false,"field":{"id":9,"name":"DAYS_PAST_DUE","value":"DAYS_PAST_DUE","label":"Days Late","dataType":"xsd:double","breakOrder":"","fieldOrder":"22","tag":"<?DAYS_PAST_DUE?>"},"alignment":"L"},{"inDropZone":false,"field":{"id":10,"name":"OUT_AMT_INV_CUR","value":"OUT_AMT_INV_CUR","label":"Out Amount Invoice Currency","dataType":"xsd:double","breakOrder":"","fieldOrder":"23","tag":"<?OUT_AMT_INV_CUR?>"},"alignment":"L"},{"inDropZone":false,"field":{"id":11,"name":"AMOUNT_DUE_ORIGINAL","value":"AMOUNT_DUE_ORIGINAL","label":"Amount Due Original","dataType":"xsd:double","breakOrder":"","fieldOrder":"14","tag":"<?AMOUNT_DUE_ORIGINAL?>"},"alignment":"L"},{"inDropZone":false,"field":{"id":12,"name":"CURR_VAL","value":"CURR_VAL","label":"Currency Value","dataType":"xsd:double","breakOrder":"","fieldOrder":"25","tag":"<?CURR_VAL?>"},"alignment":"L"},{"inDropZone":false,"field":{"id":13,"name":"ONE_TO_THIRTY","value":"ONE_TO_THIRTY","label":"One To Thirty(Age)","dataType":"xsd:double","breakOrder":"","fieldOrder":"26","tag":"<?ONE_TO_THIRTY?>"},"alignment":"L"},{"inDropZone":false,"field":{"id":14,"name":"THIRTY_TO_SIXTY","value":"THIRTY_TO_SIXTY","label":"Thirty To Sixty(Age)","dataType":"xsd:double","breakOrder":"","fieldOrder":"27","tag":"<?THIRTY_TO_SIXTY?>"},"alignment":"L"},{"inDropZone":false,"field":{"id":15,"name":"SIXTY_AND_ABOVE","value":"SIXTY_AND_ABOVE","label":"Sixty And Above(Age)","dataType":"xsd:double","breakOrder":"","fieldOrder":"28","tag":"<?SIXTY_AND_ABOVE?>"},"alignment":"L"}],"showBorder":true}]}